benchmark_ConstraintCommons_v0.1.6_automata,36c9068f-2e67-410b-b8bb-d57c1b476f62
benchmark_ConstraintCommons_v0.2.0_automata,36c9068f-2e67-410b-b8bb-d57c1b476f62
chairmark_ConstraintCommons_v0.1.6_automata,36c9068f-2e67-410b-b8bb-d57c1b476f62
chairmark_ConstraintCommons_v0.2.0_automata,36c9068f-2e67-410b-b8bb-d57c1b476f62
benchmark_ConstraintCommons_v0.1.6_diagrams,36c9068f-2e67-410b-b8bb-d57c1b476f62
benchmark_ConstraintCommons_v0.2.0_diagrams,36c9068f-2e67-410b-b8bb-d57c1b476f62
chairmark_ConstraintCommons_v0.1.6_diagrams,36c9068f-2e67-410b-b8bb-d57c1b476f62
chairmark_ConstraintCommons_v0.2.0_diagrams,36c9068f-2e67-410b-b8bb-d57c1b476f62
benchmark_ConstraintCommons_v0.1.6_dictionaries,36c9068f-2e67-410b-b8bb-d57c1b476f62
benchmark_ConstraintCommons_v0.2.0_dictionaries,36c9068f-2e67-410b-b8bb-d57c1b476f62
chairmark_ConstraintCommons_v0.1.6_dictionaries,36c9068f-2e67-410b-b8bb-d57c1b476f62
chairmark_ConstraintCommons_v0.2.0_dictionaries,36c9068f-2e67-410b-b8bb-d57c1b476f62
benchmark_ConstraintCommons_v0.1.6_extrema,36c9068f-2e67-410b-b8bb-d57c1b476f62
benchmark_ConstraintCommons_v0.2.0_extrema,36c9068f-2e67-410b-b8bb-d57c1b476f62
chairmark_ConstraintCommons_v0.1.6_extrema,36c9068f-2e67-410b-b8bb-d57c1b476f62
chairmark_ConstraintCommons_v0.2.0_extrema,36c9068f-2e67-410b-b8bb-d57c1b476f62
benchmark_ConstraintCommons_v0.1.6_parameters,36c9068f-2e67-410b-b8bb-d57c1b476f62
benchmark_ConstraintCommons_v0.2.0_parameters,36c9068f-2e67-410b-b8bb-d57c1b476f62
chairmark_ConstraintCommons_v0.1.6_parameters,36c9068f-2e67-410b-b8bb-d57c1b476f62
chairmark_ConstraintCommons_v0.2.0_parameters,36c9068f-2e67-410b-b8bb-d57c1b476f62
benchmark_ConstraintCommons_v0.1.6_sampling,36c9068f-2e67-410b-b8bb-d57c1b476f62
benchmark_ConstraintCommons_v0.2.0_sampling,36c9068f-2e67-410b-b8bb-d57c1b476f62
chairmark_ConstraintCommons_v0.1.6_sampling,36c9068f-2e67-410b-b8bb-d57c1b476f62
chairmark_ConstraintCommons_v0.2.0_sampling,36c9068f-2e67-410b-b8bb-d57c1b476f62
alloc_ConstraintCommons_v0.1.6_diagrams,36c9068f-2e67-410b-b8bb-d57c1b476f62
alloc_ConstraintCommons_v0.2.0_diagrams,36c9068f-2e67-410b-b8bb-d57c1b476f62
